Model,Accuracy
ResNet50,0.8399999737739563
ResNet101,0.9350000023841858
EfficientNet,0.9350000023841858
